-- Inserting data into the Authors table
INSERT INTO Authors (id_author, author_name, author_last_name, author_country, biography) VALUES
(1, 'Fyodor', 'Dostoevsky', 'Russia', 'Russian writer, one of the greatest novelists in world literature. Author of "Crime and Punishment", "The Idiot", "The Brothers Karamazov".'),
(2, 'Chuck', 'Palahniuk', 'USA', 'Contemporary American writer, best known for the novel "Fight Club".'),
(3, 'Haruki', 'Murakami', 'Japan', 'Famous Japanese writer whose works combine elements of magical realism and pop culture.'),
(4, 'Stephen', 'King', 'USA', 'American author, known for his works in the genres of horror, fantasy, and mystery.'),
(5, 'Vladimir', 'Sorokin', 'Russia', 'Contemporary Russian writer, playwright, and screenwriter, representative of postmodernism.'),
(6, 'Charlotte', 'Brontë', 'United Kingdom', 'English writer, author of "Jane Eyre".'),
(7, 'Emily', 'Brontë', 'United Kingdom', 'English writer, best known for the novel "Wuthering Heights".'),
(8, 'Anna', 'Akhmatova', 'Russia', 'Russian poetess, one of the most prominent figures in Russian literature of the 20th century.'),
(9, 'Alexander', 'Pushkin', 'Russia', 'Founder of modern Russian literature.'),
(10, 'Leo', 'Tolstoy', 'Russia', 'One of the greatest writers in the world, author of "War and Peace" and "Anna Karenina".'),
(11, 'Neil', 'Gaiman', 'United Kingdom', 'British writer, author of fantasy and graphic novels.'),
(12, 'Agatha', 'Christie', 'United Kingdom', 'The most published writer of all time, author of detective novels.'),
(13, 'Jules', 'Verne', 'France', 'French writer, founder of the science fiction genre.'),
(14, 'Ray', 'Bradbury', 'USA', 'American science fiction writer, author of "Fahrenheit 451".'),
(15, 'George', 'Orwell', 'United Kingdom', 'Author of dystopias "1984" and "Animal Farm".');

-- Inserting data into the Genres table
INSERT INTO Genres (id_genre, name_genre, description_genre) VALUES
(1, 'Novel', 'A large-scale literary work that describes the life of characters.'),
(2, 'Science Fiction', 'A genre based on scientific or pseudoscientific assumptions.'),
(3, 'Horror', 'A genre that creates an atmosphere of fear.'),
(4, 'Mysticism', 'Works with elements of the supernatural.'),
(5, 'Poetry', 'A literary genre based on verse form.'),
(6, 'Drama', 'Serious works with tense situations.'),
(7, 'Adventure', 'A genre focused on exciting action and travels.'),
(8, 'Historical Novel', 'A genre that describes real historical events through fictional characters.'),
(9, 'Postmodernism', 'A literary movement of the second half of the 20th century, often using irony and deconstruction.'),
(10, 'Psychological Prose', 'Works focusing on the inner world of characters.'),
(11, 'Philosophical Novel', 'A novel containing philosophical reflections.'),
(12, 'Magical Realism', 'A mixture of the real and the fantastic in a realistic context.'),
(13, 'Gothic', 'A dark genre with elements of horror and romance.'),
(14, 'Social Drama', 'Works about social issues.'),
(15, 'Satire', 'Works mocking the vices of society.');

-- Inserting data into the Publishers table
INSERT INTO Publishers (id_publisher, name_publisher, country_publisher) VALUES
(1, 'Eksmo', 'Russia'),
(2, 'AST', 'Russia'),
(3, 'Penguin Random House', 'USA'),
(4, 'HarperCollins', 'USA'),
(5, 'Shinchōsha', 'Japan'),
(6, 'Vintage', 'USA'),
(7, 'Wordsworth Editions', 'United Kingdom'),
(8, 'Book House', 'Russia'),
(9, 'Sabashnikov Publishers', 'Russia'),
(10, 'Prospect', 'Russia'),
(11, 'Azbuka', 'Russia'),
(12, 'Alfred A. Knopf', 'USA'),
(13, 'Kodansha', 'Japan'),
(14, 'Faber and Faber', 'United Kingdom'),
(15, 'Macmillan', 'United Kingdom');

-- Inserting data into the Series table
INSERT INTO Series (id_series, id_author, name_series, series_start_date, series_finish_date, description_series) VALUES
(1, 4, 'The Dark Tower', '1982-01-01', '2004-01-01', 'Stephen Kings fantasy series, combining elements of western, fantasy, and horror.'),
(2, 2, 'Fight Club', '1996-01-01', NULL, 'A series of works related to the philosophy and characters of "Fight Club".'),
(3, 3, '1Q84', '2009-01-01', '2010-01-01', 'Haruki Murakamis trilogy combining reality and magical realism.'),
(4, 9, 'Pushkins Tales', '1830-01-01', '1837-01-01', 'A collection of Pushkins short prose works.'),
(5, 6, 'Jane Eyre and Other Heroines', '1847-01-01', '1849-01-01', 'A collection of works by Charlotte Brontë.'),
(6, 10, 'Anna Karenina', '1875-01-01', '1877-01-01', 'A novel about love, society, and human passions.'),
(7, 1, 'The Brothers Karamazov and Others', '1879-01-01', '1880-01-01', 'A series of novels addressing themes of morality, faith, and philosophy.'),
(8, 5, 'The Day of the Oprichnik', '2006-01-01', '2016-01-01', 'Vladimir Sorokins dystopian novels.'),
(9, 8, 'Requiem', '1935-01-01', '1940-01-01', 'A poetic collection dedicated to the victims of repression.'),
(10, 7, 'Wuthering Heights', '1847-01-01', NULL, 'Emily Brontës only novel — a story of passion and a dark past.'),
(11, 11, 'American Gods', '2001-01-01', '2005-01-01', 'An epic work about gods and culture.'),
(12, 12, 'Hercule Poirot', '1920-01-01', '1975-01-01', 'A detective series with Hercule Poirot.'),
(13, 13, 'Extraordinary Voyages', '1863-01-01', '1905-01-01', 'Jules Vernes science fiction series.'),
(14, 14, 'The Martian Chronicles', '1950-01-01', '1958-01-01', 'A poetic science fiction about the settlement of Mars.'),
(15, 15, 'Orwells Dystopias', '1945-01-01', '1949-01-01', 'Classic 20th-century dystopias.');

-- Inserting data into the Books table
INSERT INTO Books (id_book, id_author, year_of_publication, number_of_pages, book_title, id_series, description_book, price) VALUES
(1, 1, 1866, 671, 'Crime and Punishment', 7, 'A novel about the internal struggle of a man and his moral principles.', 450.00),
(2, 2, 1996, 208, 'Fight Club', 2, 'A cult novel about men, aggression, and consumer society.', 600.00),
(3, 3, 2009, 928, '1Q84', 3, 'Alternative Japan, cult, magic, and love.', 950.00),
(4, 4, 1982, 384, 'The Gunslinger', 1, 'The first book in the "The Dark Tower" series.', 720.00),
(5, 5, 2006, 352, 'The Day of the Oprichnik', 8, 'A dystopia about the future of Russia.', 580.00),
(6, 6, 1847, 500, 'Jane Eyre', 5, 'A classic of English literature, a novel about a strong woman.', 390.00),
(7, 7, 1847, 416, 'Wuthering Heights', 10, 'A story of passion, betrayal, and retribution.', 410.00),
(8, 8, 1940, 200, 'Requiem', 9, 'A poetic collection dedicated to the victims of repression.', 350.00),
(9, 9, 1831, 230, 'The Tales of Belkin', 4, 'A cycle of short stories on various themes.', 320.00),
(10, 10, 1877, 864, 'Anna Karenina', 6, 'A story of love, infidelity, and tragedy.', 790.00),
(11, 11, 2001, 592, 'American Gods', 11, 'Mythology, travel, and identity.', 870.00),
(12, 12, 1920, 304, 'The Mystery of the "Blue Train"', 12, 'A detective novel with Hercule Poirot.', 420.00),
(13, 13, 1870, 320, 'Twenty Thousand Leagues Under the Sea', 13, 'Underwater adventures of Captain Nemo.', 540.00),
(14, 14, 1950, 256, 'The Martian Chronicles', 14, 'Poetic science fiction about the colonization of Mars.', 470.00),
(15, 15, 1949, 328, '1984', 15, 'A dystopia about totalitarianism and mind control.', 630.00);


INSERT INTO Book_genres (id_book, id_genre) VALUES
(1, 1),
(1, 11),
(2, 1),
(2, 14),
(3, 1),
(3, 12),
(4, 2),
(6, 3),
(4, 3),
(4, 4),
(5, 2),
(5, 9),
(6, 1),
(6, 6),
(7, 1), 
(7, 13),
(8, 5),
(9, 1),
(10, 1),
(10, 10),
(11, 2),
(11, 12),
(12, 1),
(12, 2),
(13, 2),
(13, 7),
(14, 2),
(14, 12),
(15, 1),
(15, 14);

INSERT INTO Book_publisher (id_book, id_publisher) VALUES
(1, 1), 
(1, 2),
(7, 7),
(8, 9),
(9, 9),
(10, 11),
(11, 3), 
(11, 12),
(12, 12), 
(12, 14),
(13, 13),
(14, 14),
(15, 15), 
(15, 3),
(2, 6),
(3, 13),
(5, 11),
(6, 10),
(7, 10),
(8, 2),
(10, 1),
(11, 4),
(2, 4),
(5, 13),
(3, 12),
(1, 13),
(6, 12),
(4, 2), 
(10, 5), 
(11, 6); 



INSERT INTO Price_history (id_book, price, date_price) VALUES
(1, 450, '2022-01-01 00:00:00'),
(1, 475, '2022-06-01 00:00:00'),
(1, 500, '2023-01-01 00:00:00'),
(2, 600, '2022-05-15 00:00:00'),
(2, 625, '2022-11-01 00:00:00'),
(2, 650, '2023-05-15 00:00:00'),
(3, 950, '2021-06-01 00:00:00'),
(3, 980, '2022-04-01 00:00:00'),
(3, 999, '2023-01-01 00:00:00'),
(4, 720, '2020-03-12 00:00:00'),
(4, 740, '2023-04-22 00:00:00'),
(5, 580, '2022-07-18 00:00:00'),
(5, 590, '2023-01-15 00:00:00'),
(6, 390, '2019-09-09 00:00:00'),
(6, 750, '2023-04-10 00:00:00'),
(7, 410, '2021-11-11 00:00:00'),
(7, 420, '2023-01-01 00:00:00'),
(8, 350, '2023-01-15 00:00:00'),
(9, 320, '2023-02-20 00:00:00'),
(10, 790, '2023-03-21 00:00:00'),
(10, 800, '2024-01-01 00:00:00'),
(11, 870, '2022-12-12 00:00:00'),
(11, 890, '2023-01-01 00:00:00'),
(12, 420, '2021-01-01 00:00:00'),
(12, 430, '2023-01-01 00:00:00'),
(13, 540, '2022-06-06 00:00:00'),
(13, 550, '2023-07-01 00:00:00'),
(14, 470, '2023-07-07 00:00:00'),
(15, 630, '2022-10-10 00:00:00'),
(15, 650, '2024-01-01 00:00:00');
